sep=,
,ScopeINITALSTART, ScopeINITALEND, ScopeDEADSTART, ScopeDEADEND, ScopeTERMINATEDSTART, ScopeTERMINATEDEND, ScopeEXECUTINGSTART, ScopeEXECUTINGEND, ScopeFAULT_HANDLINGSTART, ScopeFAULT_HANDLINGEND, ScopeFAULT_UNCOUGHTSTART, ScopeFAULT_UNCOUGHTEND, ScopeFAULTSTART, ScopeFAULTEND, ScopeCOMPLETEDSTART, ScopeCOMPLETEDEND, ScopeActivityINITALSTART, ScopeActivityINITALEND, ScopeActivityDEADSTART, ScopeActivityDEADEND, ScopeActivityTERMINATEDSTART, ScopeActivityTERMINATEDEND, ScopeActivityEXECUTINGSTART, ScopeActivityEXECUTINGEND, ScopeActivityFAULTSTART, ScopeActivityFAULTEND, ScopeActivityCOMPLETEDSTART, ScopeActivityCOMPLETEDEND, INITALSTART, INITALEND, DEADSTART, DEADEND, TERMINATEDSTART, TERMINATEDEND, EXECUTINGSTART, EXECUTINGEND, FAULTSTART, FAULTEND, COMPLETEDSTART, COMPLETEDEND, FHActivityINITALSTART, FHActivityINITALEND, FHActivityDEADSTART, FHActivityDEADEND, FHActivityTERMINATEDSTART, FHActivityTERMINATEDEND, FHActivityEXECUTINGSTART, FHActivityEXECUTINGEND, FHActivityFAULTSTART, FHActivityFAULTEND, FHActivityCOMPLETEDSTART, FHActivityCOMPLETEDEND, 
ScopeINITALSTART, , , , , , , , , , , , , , , , , , , , , , , , , , , , , , , , , , , , , , , , , , , , , , , , , , , , , 
ScopeINITALEND, GREATER, , , , , , , , , , , , , , , , , , , , , , , , , , , , , , , , , , , , , , , , , , , , , , , , , , , , 
ScopeDEADSTART, UNRELATED, UNRELATED, , , , , , , , , , , , , , , , , , , , , , , , , , , , , , , , , , , , , , , , , , , , , , , , , , , 
ScopeDEADEND, UNRELATED, UNRELATED, GREATER, , , , , , , , , , , , , , , , , , , , , , , , , , , , , , , , , , , , , , , , , , , , , , , , , , 
ScopeTERMINATEDSTART, UNRELATED, UNRELATED, LESS EQUALS UNRELATED GREATER, LESS EQUALS UNRELATED GREATER, , , , , , , , , , , , , , , , , , , , , , , , , , , , , , , , , , , , , , , , , , , , , , , , , 
ScopeTERMINATEDEND, UNRELATED, UNRELATED, LESS EQUALS UNRELATED GREATER, LESS EQUALS UNRELATED GREATER, GREATER, , , , , , , , , , , , , , , , , , , , , , , , , , , , , , , , , , , , , , , , , , , , , , , , 
ScopeEXECUTINGSTART, UNRELATED, UNRELATED, UNRELATED, UNRELATED, UNRELATED, UNRELATED, , , , , , , , , , , , , , , , , , , , , , , , , , , , , , , , , , , , , , , , , , , , , , , 
ScopeEXECUTINGEND, UNRELATED, UNRELATED, UNRELATED, UNRELATED, UNRELATED, UNRELATED, GREATER, , , , , , , , , , , , , , , , , , , , , , , , , , , , , , , , , , , , , , , , , , , , , , 
ScopeFAULT_HANDLINGSTART, LESS EQUALS UNRELATED GREATER, LESS EQUALS UNRELATED GREATER, LESS EQUALS UNRELATED GREATER, LESS EQUALS UNRELATED GREATER, LESS EQUALS UNRELATED GREATER, LESS EQUALS UNRELATED GREATER, UNRELATED GREATER, EQUALS UNRELATED, , , , , , , , , , , , , , , , , , , , , , , , , , , , , , , , , , , , , , , , , , , , , 
ScopeFAULT_HANDLINGEND, LESS EQUALS UNRELATED GREATER, LESS EQUALS UNRELATED GREATER, LESS EQUALS UNRELATED GREATER, LESS EQUALS UNRELATED GREATER, LESS EQUALS UNRELATED GREATER, LESS EQUALS UNRELATED GREATER, UNRELATED GREATER, UNRELATED GREATER, GREATER, , , , , , , , , , , , , , , , , , , , , , , , , , , , , , , , , , , , , , , , , , , , 
ScopeFAULT_UNCOUGHTSTART, LESS EQUALS UNRELATED GREATER, LESS EQUALS UNRELATED GREATER, LESS EQUALS UNRELATED GREATER, LESS EQUALS UNRELATED GREATER, LESS EQUALS UNRELATED GREATER, LESS EQUALS UNRELATED GREATER, LESS EQUALS UNRELATED GREATER, LESS EQUALS UNRELATED GREATER, UNRELATED GREATER, EQUALS UNRELATED, , , , , , , , , , , , , , , , , , , , , , , , , , , , , , , , , , , , , , , , , , , 
ScopeFAULT_UNCOUGHTEND, LESS EQUALS UNRELATED GREATER, LESS EQUALS UNRELATED GREATER, LESS EQUALS UNRELATED GREATER, LESS EQUALS UNRELATED GREATER, LESS EQUALS UNRELATED GREATER, LESS EQUALS UNRELATED GREATER, LESS EQUALS UNRELATED GREATER, LESS EQUALS UNRELATED GREATER, UNRELATED GREATER, UNRELATED GREATER, GREATER, , , , , , , , , , , , , , , , , , , , , , , , , , , , , , , , , , , , , , , , , , 
ScopeFAULTSTART, LESS EQUALS UNRELATED GREATER, LESS EQUALS UNRELATED GREATER, LESS EQUALS UNRELATED GREATER, LESS EQUALS UNRELATED GREATER, LESS EQUALS UNRELATED GREATER, LESS EQUALS UNRELATED GREATER, LESS EQUALS UNRELATED GREATER, LESS EQUALS UNRELATED GREATER, UNRELATED GREATER, EQUALS UNRELATED, UNRELATED, UNRELATED, , , , , , , , , , , , , , , , , , , , , , , , , , , , , , , , , , , , , , , , , 
ScopeFAULTEND, LESS EQUALS UNRELATED GREATER, LESS EQUALS UNRELATED GREATER, LESS EQUALS UNRELATED GREATER, LESS EQUALS UNRELATED GREATER, LESS EQUALS UNRELATED GREATER, LESS EQUALS UNRELATED GREATER, LESS EQUALS UNRELATED GREATER, LESS EQUALS UNRELATED GREATER, UNRELATED GREATER, UNRELATED GREATER, UNRELATED, UNRELATED, GREATER, , , , , , , , , , , , , , , , , , , , , , , , , , , , , , , , , , , , , , , , 
ScopeCOMPLETEDSTART, LESS EQUALS UNRELATED GREATER, LESS EQUALS UNRELATED GREATER, LESS EQUALS UNRELATED GREATER, LESS EQUALS UNRELATED GREATER, UNRELATED, UNRELATED, UNRELATED GREATER, UNRELATED, UNRELATED, UNRELATED, LESS EQUALS UNRELATED GREATER, LESS EQUALS UNRELATED GREATER, LESS EQUALS UNRELATED GREATER, LESS EQUALS UNRELATED GREATER, , , , , , , , , , , , , , , , , , , , , , , , , , , , , , , , , , , , , , , 
ScopeCOMPLETEDEND, LESS EQUALS UNRELATED GREATER, LESS EQUALS UNRELATED GREATER, LESS EQUALS UNRELATED GREATER, LESS EQUALS UNRELATED GREATER, UNRELATED, UNRELATED, UNRELATED, UNRELATED, UNRELATED, UNRELATED, LESS EQUALS UNRELATED GREATER, LESS EQUALS UNRELATED GREATER, LESS EQUALS UNRELATED GREATER, LESS EQUALS UNRELATED GREATER, GREATER, , , , , , , , , , , , , , , , , , , , , , , , , , , , , , , , , , , , , , 
ScopeActivityINITALSTART, EQUALS, LESS, UNRELATED, UNRELATED, UNRELATED, UNRELATED, UNRELATED, UNRELATED, LESS EQUALS UNRELATED GREATER, LESS EQUALS UNRELATED GREATER, LESS EQUALS UNRELATED GREATER, LESS EQUALS UNRELATED GREATER, LESS EQUALS UNRELATED GREATER, LESS EQUALS UNRELATED GREATER, LESS EQUALS UNRELATED GREATER, LESS EQUALS UNRELATED GREATER, , , , , , , , , , , , , , , , , , , , , , , , , , , , , , , , , , , , , 
ScopeActivityINITALEND, GREATER, LESS EQUALS UNRELATED GREATER, UNRELATED, UNRELATED, UNRELATED, UNRELATED, UNRELATED, UNRELATED, LESS EQUALS UNRELATED GREATER, LESS EQUALS UNRELATED GREATER, LESS EQUALS UNRELATED GREATER, LESS EQUALS UNRELATED GREATER, LESS EQUALS UNRELATED GREATER, LESS EQUALS UNRELATED GREATER, LESS EQUALS UNRELATED GREATER, LESS EQUALS UNRELATED GREATER, GREATER, , , , , , , , , , , , , , , , , , , , , , , , , , , , , , , , , , , , 
ScopeActivityDEADSTART, UNRELATED, UNRELATED, EQUALS UNRELATED, LESS UNRELATED, LESS EQUALS UNRELATED GREATER, LESS EQUALS UNRELATED GREATER, LESS EQUALS UNRELATED GREATER, LESS EQUALS UNRELATED GREATER, LESS EQUALS UNRELATED GREATER, LESS EQUALS UNRELATED GREATER, LESS EQUALS UNRELATED GREATER, LESS EQUALS UNRELATED GREATER, LESS EQUALS UNRELATED GREATER, LESS EQUALS UNRELATED GREATER, LESS EQUALS UNRELATED GREATER, LESS EQUALS UNRELATED GREATER, UNRELATED, UNRELATED, , , , , , , , , , , , , , , , , , , , , , , , , , , , , , , , , , , 
ScopeActivityDEADEND, UNRELATED, UNRELATED, UNRELATED GREATER, EQUALS UNRELATED, LESS EQUALS UNRELATED GREATER, LESS EQUALS UNRELATED GREATER, LESS EQUALS UNRELATED GREATER, LESS EQUALS UNRELATED GREATER, LESS EQUALS UNRELATED GREATER, LESS EQUALS UNRELATED GREATER, LESS EQUALS UNRELATED GREATER, LESS EQUALS UNRELATED GREATER, LESS EQUALS UNRELATED GREATER, LESS EQUALS UNRELATED GREATER, LESS EQUALS UNRELATED GREATER, LESS EQUALS UNRELATED GREATER, UNRELATED, UNRELATED, GREATER, , , , , , , , , , , , , , , , , , , , , , , , , , , , , , , , , , 
ScopeActivityTERMINATEDSTART, UNRELATED, UNRELATED, LESS EQUALS UNRELATED GREATER, LESS EQUALS UNRELATED GREATER, EQUALS, LESS, UNRELATED, UNRELATED, LESS EQUALS UNRELATED GREATER, LESS EQUALS UNRELATED GREATER, LESS EQUALS UNRELATED GREATER, LESS EQUALS UNRELATED GREATER, LESS EQUALS UNRELATED GREATER, LESS EQUALS UNRELATED GREATER, UNRELATED, UNRELATED, UNRELATED, UNRELATED, LESS EQUALS UNRELATED GREATER, LESS EQUALS UNRELATED GREATER, , , , , , , , , , , , , , , , , , , , , , , , , , , , , , , , , 
ScopeActivityTERMINATEDEND, UNRELATED, UNRELATED, LESS EQUALS UNRELATED GREATER, LESS EQUALS UNRELATED GREATER, GREATER, EQUALS UNRELATED, UNRELATED, UNRELATED, LESS EQUALS UNRELATED GREATER, LESS EQUALS UNRELATED GREATER, LESS EQUALS UNRELATED GREATER, LESS EQUALS UNRELATED GREATER, LESS EQUALS UNRELATED GREATER, LESS EQUALS UNRELATED GREATER, UNRELATED, UNRELATED, UNRELATED, UNRELATED, LESS EQUALS UNRELATED GREATER, LESS EQUALS UNRELATED GREATER, GREATER, , , , , , , , , , , , , , , , , , , , , , , , , , , , , , , , 
ScopeActivityEXECUTINGSTART, UNRELATED, UNRELATED, LESS EQUALS UNRELATED GREATER, LESS EQUALS UNRELATED GREATER, UNRELATED, UNRELATED, EQUALS UNRELATED, LESS UNRELATED, LESS EQUALS UNRELATED GREATER, LESS EQUALS UNRELATED GREATER, LESS EQUALS UNRELATED GREATER, LESS EQUALS UNRELATED GREATER, LESS EQUALS UNRELATED GREATER, LESS EQUALS UNRELATED GREATER, UNRELATED, UNRELATED, UNRELATED, UNRELATED, UNRELATED, UNRELATED, UNRELATED, UNRELATED, , , , , , , , , , , , , , , , , , , , , , , , , , , , , , , 
ScopeActivityEXECUTINGEND, UNRELATED, UNRELATED, LESS EQUALS UNRELATED GREATER, LESS EQUALS UNRELATED GREATER, UNRELATED, UNRELATED, UNRELATED GREATER, EQUALS UNRELATED, LESS EQUALS UNRELATED GREATER, LESS EQUALS UNRELATED GREATER, LESS EQUALS UNRELATED GREATER, LESS EQUALS UNRELATED GREATER, LESS EQUALS UNRELATED GREATER, LESS EQUALS UNRELATED GREATER, UNRELATED, UNRELATED, UNRELATED, UNRELATED, UNRELATED, UNRELATED, UNRELATED, UNRELATED, GREATER, , , , , , , , , , , , , , , , , , , , , , , , , , , , , , 
ScopeActivityFAULTSTART, LESS EQUALS UNRELATED GREATER, LESS EQUALS UNRELATED GREATER, LESS EQUALS UNRELATED GREATER, LESS EQUALS UNRELATED GREATER, LESS EQUALS UNRELATED GREATER, LESS EQUALS UNRELATED GREATER, LESS EQUALS UNRELATED GREATER, LESS EQUALS UNRELATED GREATER, EQUALS UNRELATED, LESS UNRELATED, LESS EQUALS UNRELATED GREATER, LESS EQUALS UNRELATED GREATER, LESS EQUALS UNRELATED GREATER, LESS EQUALS UNRELATED GREATER, UNRELATED, UNRELATED, LESS EQUALS UNRELATED GREATER, LESS EQUALS UNRELATED GREATER, LESS EQUALS UNRELATED GREATER, LESS EQUALS UNRELATED GREATER, LESS EQUALS UNRELATED GREATER, LESS EQUALS UNRELATED GREATER, UNRELATED GREATER, EQUALS UNRELATED, , , , , , , , , , , , , , , , , , , , , , , , , , , , , 
ScopeActivityFAULTEND, LESS EQUALS UNRELATED GREATER, LESS EQUALS UNRELATED GREATER, LESS EQUALS UNRELATED GREATER, LESS EQUALS UNRELATED GREATER, LESS EQUALS UNRELATED GREATER, LESS EQUALS UNRELATED GREATER, LESS EQUALS UNRELATED GREATER, LESS EQUALS UNRELATED GREATER, UNRELATED GREATER, LESS EQUALS UNRELATED GREATER, LESS EQUALS UNRELATED GREATER, LESS EQUALS UNRELATED GREATER, LESS EQUALS UNRELATED GREATER, LESS EQUALS UNRELATED GREATER, UNRELATED, UNRELATED, LESS EQUALS UNRELATED GREATER, LESS EQUALS UNRELATED GREATER, LESS EQUALS UNRELATED GREATER, LESS EQUALS UNRELATED GREATER, LESS EQUALS UNRELATED GREATER, LESS EQUALS UNRELATED GREATER, UNRELATED GREATER, UNRELATED GREATER, GREATER, , , , , , , , , , , , , , , , , , , , , , , , , , , , 
ScopeActivityCOMPLETEDSTART, LESS EQUALS UNRELATED GREATER, LESS EQUALS UNRELATED GREATER, LESS EQUALS UNRELATED GREATER, LESS EQUALS UNRELATED GREATER, UNRELATED, UNRELATED, UNRELATED GREATER, UNRELATED, UNRELATED, UNRELATED, LESS EQUALS UNRELATED GREATER, LESS EQUALS UNRELATED GREATER, LESS EQUALS UNRELATED GREATER, LESS EQUALS UNRELATED GREATER, EQUALS, LESS, LESS EQUALS UNRELATED GREATER, LESS EQUALS UNRELATED GREATER, LESS EQUALS UNRELATED GREATER, LESS EQUALS UNRELATED GREATER, UNRELATED, UNRELATED, UNRELATED, UNRELATED, UNRELATED, UNRELATED, , , , , , , , , , , , , , , , , , , , , , , , , , , 
ScopeActivityCOMPLETEDEND, LESS EQUALS UNRELATED GREATER, LESS EQUALS UNRELATED GREATER, LESS EQUALS UNRELATED GREATER, LESS EQUALS UNRELATED GREATER, UNRELATED, UNRELATED, UNRELATED GREATER, UNRELATED, UNRELATED, UNRELATED, LESS EQUALS UNRELATED GREATER, LESS EQUALS UNRELATED GREATER, LESS EQUALS UNRELATED GREATER, LESS EQUALS UNRELATED GREATER, GREATER, EQUALS UNRELATED, LESS EQUALS UNRELATED GREATER, LESS EQUALS UNRELATED GREATER, LESS EQUALS UNRELATED GREATER, LESS EQUALS UNRELATED GREATER, UNRELATED, UNRELATED, UNRELATED, UNRELATED, UNRELATED, UNRELATED, GREATER, , , , , , , , , , , , , , , , , , , , , , , , , , 
INITALSTART, EQUALS, LESS, UNRELATED, UNRELATED, UNRELATED, UNRELATED, UNRELATED, UNRELATED, LESS EQUALS UNRELATED GREATER, LESS EQUALS UNRELATED GREATER, LESS EQUALS UNRELATED GREATER, LESS EQUALS UNRELATED GREATER, LESS EQUALS UNRELATED GREATER, LESS EQUALS UNRELATED GREATER, LESS EQUALS UNRELATED GREATER, LESS EQUALS UNRELATED GREATER, EQUALS, LESS, UNRELATED, UNRELATED, UNRELATED, UNRELATED, UNRELATED, UNRELATED, LESS EQUALS UNRELATED GREATER, LESS EQUALS UNRELATED GREATER, LESS EQUALS UNRELATED GREATER, LESS EQUALS UNRELATED GREATER, , , , , , , , , , , , , , , , , , , , , , , , , 
INITALEND, GREATER, LESS EQUALS UNRELATED GREATER, UNRELATED, UNRELATED, UNRELATED, UNRELATED, UNRELATED, UNRELATED, LESS EQUALS UNRELATED GREATER, LESS EQUALS UNRELATED GREATER, LESS EQUALS UNRELATED GREATER, LESS EQUALS UNRELATED GREATER, LESS EQUALS UNRELATED GREATER, LESS EQUALS UNRELATED GREATER, LESS EQUALS UNRELATED GREATER, LESS EQUALS UNRELATED GREATER, GREATER, LESS EQUALS UNRELATED GREATER, UNRELATED, UNRELATED, UNRELATED, UNRELATED, UNRELATED, UNRELATED, LESS EQUALS UNRELATED GREATER, LESS EQUALS UNRELATED GREATER, LESS EQUALS UNRELATED GREATER, LESS EQUALS UNRELATED GREATER, GREATER, , , , , , , , , , , , , , , , , , , , , , , , 
DEADSTART, UNRELATED GREATER, LESS EQUALS UNRELATED GREATER, EQUALS UNRELATED, LESS UNRELATED, LESS EQUALS UNRELATED GREATER, LESS EQUALS UNRELATED GREATER, LESS EQUALS UNRELATED GREATER, LESS EQUALS UNRELATED GREATER, EQUALS UNRELATED, LESS UNRELATED, LESS EQUALS UNRELATED GREATER, LESS EQUALS UNRELATED GREATER, LESS EQUALS UNRELATED GREATER, LESS EQUALS UNRELATED GREATER, EQUALS UNRELATED, LESS UNRELATED, UNRELATED GREATER, LESS EQUALS UNRELATED GREATER, LESS EQUALS UNRELATED GREATER, LESS EQUALS UNRELATED GREATER, LESS EQUALS UNRELATED GREATER, LESS EQUALS UNRELATED GREATER, LESS EQUALS UNRELATED GREATER, LESS EQUALS UNRELATED GREATER, LESS EQUALS UNRELATED GREATER, LESS EQUALS UNRELATED GREATER, EQUALS UNRELATED, LESS UNRELATED, UNRELATED GREATER, EQUALS UNRELATED, , , , , , , , , , , , , , , , , , , , , , , 
DEADEND, UNRELATED GREATER, LESS EQUALS UNRELATED GREATER, UNRELATED GREATER, EQUALS UNRELATED, LESS EQUALS UNRELATED GREATER, LESS EQUALS UNRELATED GREATER, LESS EQUALS UNRELATED GREATER, LESS EQUALS UNRELATED GREATER, UNRELATED GREATER, LESS EQUALS UNRELATED GREATER, LESS EQUALS UNRELATED GREATER, LESS EQUALS UNRELATED GREATER, LESS EQUALS UNRELATED GREATER, LESS EQUALS UNRELATED GREATER, UNRELATED GREATER, LESS EQUALS UNRELATED GREATER, UNRELATED GREATER, LESS EQUALS UNRELATED GREATER, LESS EQUALS UNRELATED GREATER, LESS EQUALS UNRELATED GREATER, LESS EQUALS UNRELATED GREATER, LESS EQUALS UNRELATED GREATER, LESS EQUALS UNRELATED GREATER, LESS EQUALS UNRELATED GREATER, LESS EQUALS UNRELATED GREATER, LESS EQUALS UNRELATED GREATER, UNRELATED GREATER, LESS EQUALS UNRELATED GREATER, UNRELATED GREATER, UNRELATED GREATER, GREATER, , , , , , , , , , , , , , , , , , , , , , 
TERMINATEDSTART, UNRELATED GREATER, LESS EQUALS UNRELATED GREATER, LESS EQUALS UNRELATED GREATER, LESS EQUALS UNRELATED GREATER, EQUALS UNRELATED, LESS UNRELATED, LESS EQUALS UNRELATED GREATER, LESS EQUALS UNRELATED GREATER, LESS EQUALS UNRELATED GREATER, LESS EQUALS UNRELATED GREATER, LESS EQUALS UNRELATED GREATER, LESS EQUALS UNRELATED GREATER, LESS EQUALS UNRELATED GREATER, LESS EQUALS UNRELATED GREATER, LESS EQUALS UNRELATED GREATER, LESS EQUALS UNRELATED GREATER, UNRELATED GREATER, LESS EQUALS UNRELATED GREATER, LESS EQUALS UNRELATED GREATER, LESS EQUALS UNRELATED GREATER, EQUALS UNRELATED, LESS UNRELATED, LESS EQUALS UNRELATED GREATER, LESS EQUALS UNRELATED GREATER, LESS EQUALS UNRELATED GREATER, LESS EQUALS UNRELATED GREATER, LESS EQUALS UNRELATED GREATER, LESS EQUALS UNRELATED GREATER, UNRELATED GREATER, EQUALS UNRELATED, LESS EQUALS UNRELATED GREATER, LESS EQUALS UNRELATED GREATER, , , , , , , , , , , , , , , , , , , , , 
TERMINATEDEND, UNRELATED GREATER, LESS EQUALS UNRELATED GREATER, LESS EQUALS UNRELATED GREATER, LESS EQUALS UNRELATED GREATER, UNRELATED GREATER, EQUALS UNRELATED, LESS EQUALS UNRELATED GREATER, LESS EQUALS UNRELATED GREATER, LESS EQUALS UNRELATED GREATER, LESS EQUALS UNRELATED GREATER, LESS EQUALS UNRELATED GREATER, LESS EQUALS UNRELATED GREATER, LESS EQUALS UNRELATED GREATER, LESS EQUALS UNRELATED GREATER, LESS EQUALS UNRELATED GREATER, LESS EQUALS UNRELATED GREATER, UNRELATED GREATER, LESS EQUALS UNRELATED GREATER, LESS EQUALS UNRELATED GREATER, LESS EQUALS UNRELATED GREATER, UNRELATED GREATER, LESS EQUALS UNRELATED GREATER, LESS EQUALS UNRELATED GREATER, LESS EQUALS UNRELATED GREATER, LESS EQUALS UNRELATED GREATER, LESS EQUALS UNRELATED GREATER, LESS EQUALS UNRELATED GREATER, LESS EQUALS UNRELATED GREATER, UNRELATED GREATER, UNRELATED GREATER, LESS EQUALS UNRELATED GREATER, LESS EQUALS UNRELATED GREATER, GREATER, , , , , , , , , , , , , , , , , , , , 
EXECUTINGSTART, UNRELATED GREATER, LESS EQUALS UNRELATED GREATER, LESS EQUALS UNRELATED GREATER, LESS EQUALS UNRELATED GREATER, LESS EQUALS UNRELATED GREATER, LESS EQUALS UNRELATED GREATER, LESS EQUALS UNRELATED GREATER, LESS EQUALS UNRELATED GREATER, EQUALS UNRELATED, LESS UNRELATED, LESS EQUALS UNRELATED GREATER, LESS EQUALS UNRELATED GREATER, LESS EQUALS UNRELATED GREATER, LESS EQUALS UNRELATED GREATER, LESS EQUALS UNRELATED GREATER, LESS EQUALS UNRELATED GREATER, UNRELATED GREATER, LESS EQUALS UNRELATED GREATER, LESS EQUALS UNRELATED GREATER, LESS EQUALS UNRELATED GREATER, LESS EQUALS UNRELATED GREATER, LESS EQUALS UNRELATED GREATER, LESS EQUALS UNRELATED GREATER, LESS EQUALS UNRELATED GREATER, LESS EQUALS UNRELATED GREATER, LESS EQUALS UNRELATED GREATER, LESS EQUALS UNRELATED GREATER, LESS EQUALS UNRELATED GREATER, UNRELATED GREATER, EQUALS UNRELATED, UNRELATED, UNRELATED, UNRELATED, UNRELATED, , , , , , , , , , , , , , , , , , , 
EXECUTINGEND, UNRELATED GREATER, LESS EQUALS UNRELATED GREATER, LESS EQUALS UNRELATED GREATER, LESS EQUALS UNRELATED GREATER, LESS EQUALS UNRELATED GREATER, LESS EQUALS UNRELATED GREATER, LESS EQUALS UNRELATED GREATER, LESS EQUALS UNRELATED GREATER, UNRELATED GREATER, LESS EQUALS UNRELATED GREATER, LESS EQUALS UNRELATED GREATER, LESS EQUALS UNRELATED GREATER, LESS EQUALS UNRELATED GREATER, LESS EQUALS UNRELATED GREATER, LESS EQUALS UNRELATED GREATER, LESS EQUALS UNRELATED GREATER, UNRELATED GREATER, LESS EQUALS UNRELATED GREATER, LESS EQUALS UNRELATED GREATER, LESS EQUALS UNRELATED GREATER, LESS EQUALS UNRELATED GREATER, LESS EQUALS UNRELATED GREATER, LESS EQUALS UNRELATED GREATER, LESS EQUALS UNRELATED GREATER, LESS EQUALS UNRELATED GREATER, LESS EQUALS UNRELATED GREATER, LESS EQUALS UNRELATED GREATER, LESS EQUALS UNRELATED GREATER, UNRELATED GREATER, UNRELATED GREATER, UNRELATED, UNRELATED, UNRELATED, UNRELATED, GREATER, , , , , , , , , , , , , , , , , , 
FAULTSTART, LESS EQUALS UNRELATED GREATER, LESS EQUALS UNRELATED GREATER, LESS EQUALS UNRELATED GREATER, LESS EQUALS UNRELATED GREATER, LESS EQUALS UNRELATED GREATER, LESS EQUALS UNRELATED GREATER, LESS EQUALS UNRELATED GREATER, LESS EQUALS UNRELATED GREATER, LESS EQUALS UNRELATED GREATER, LESS EQUALS UNRELATED GREATER, LESS EQUALS UNRELATED GREATER, LESS EQUALS UNRELATED GREATER, LESS EQUALS UNRELATED GREATER, LESS EQUALS UNRELATED GREATER, LESS EQUALS UNRELATED GREATER, LESS EQUALS UNRELATED GREATER, LESS EQUALS UNRELATED GREATER, LESS EQUALS UNRELATED GREATER, LESS EQUALS UNRELATED GREATER, LESS EQUALS UNRELATED GREATER, LESS EQUALS UNRELATED GREATER, LESS EQUALS UNRELATED GREATER, LESS EQUALS UNRELATED GREATER, LESS EQUALS UNRELATED GREATER, LESS EQUALS UNRELATED GREATER, LESS EQUALS UNRELATED GREATER, LESS EQUALS UNRELATED GREATER, LESS EQUALS UNRELATED GREATER, LESS EQUALS UNRELATED GREATER, LESS EQUALS UNRELATED GREATER, LESS EQUALS UNRELATED GREATER, LESS EQUALS UNRELATED GREATER, LESS EQUALS UNRELATED GREATER, LESS EQUALS UNRELATED GREATER, UNRELATED GREATER, EQUALS UNRELATED, , , , , , , , , , , , , , , , , 
FAULTEND, LESS EQUALS UNRELATED GREATER, LESS EQUALS UNRELATED GREATER, LESS EQUALS UNRELATED GREATER, LESS EQUALS UNRELATED GREATER, LESS EQUALS UNRELATED GREATER, LESS EQUALS UNRELATED GREATER, LESS EQUALS UNRELATED GREATER, LESS EQUALS UNRELATED GREATER, LESS EQUALS UNRELATED GREATER, LESS EQUALS UNRELATED GREATER, LESS EQUALS UNRELATED GREATER, LESS EQUALS UNRELATED GREATER, LESS EQUALS UNRELATED GREATER, LESS EQUALS UNRELATED GREATER, LESS EQUALS UNRELATED GREATER, LESS EQUALS UNRELATED GREATER, LESS EQUALS UNRELATED GREATER, LESS EQUALS UNRELATED GREATER, LESS EQUALS UNRELATED GREATER, LESS EQUALS UNRELATED GREATER, LESS EQUALS UNRELATED GREATER, LESS EQUALS UNRELATED GREATER, LESS EQUALS UNRELATED GREATER, LESS EQUALS UNRELATED GREATER, LESS EQUALS UNRELATED GREATER, LESS EQUALS UNRELATED GREATER, LESS EQUALS UNRELATED GREATER, LESS EQUALS UNRELATED GREATER, LESS EQUALS UNRELATED GREATER, LESS EQUALS UNRELATED GREATER, LESS EQUALS UNRELATED GREATER, LESS EQUALS UNRELATED GREATER, LESS EQUALS UNRELATED GREATER, LESS EQUALS UNRELATED GREATER, UNRELATED GREATER, UNRELATED GREATER, GREATER, , , , , , , , , , , , , , , , 
COMPLETEDSTART, LESS EQUALS UNRELATED GREATER, LESS EQUALS UNRELATED GREATER, LESS EQUALS UNRELATED GREATER, LESS EQUALS UNRELATED GREATER, LESS EQUALS UNRELATED GREATER, LESS EQUALS UNRELATED GREATER, LESS EQUALS UNRELATED GREATER, LESS EQUALS UNRELATED GREATER, LESS EQUALS UNRELATED GREATER, LESS EQUALS UNRELATED GREATER, LESS EQUALS UNRELATED GREATER, LESS EQUALS UNRELATED GREATER, EQUALS UNRELATED, LESS UNRELATED, LESS EQUALS UNRELATED GREATER, LESS EQUALS UNRELATED GREATER, LESS EQUALS UNRELATED GREATER, LESS EQUALS UNRELATED GREATER, LESS EQUALS UNRELATED GREATER, LESS EQUALS UNRELATED GREATER, LESS EQUALS UNRELATED GREATER, LESS EQUALS UNRELATED GREATER, LESS EQUALS UNRELATED GREATER, LESS EQUALS UNRELATED GREATER, LESS EQUALS UNRELATED GREATER, LESS EQUALS UNRELATED GREATER, LESS EQUALS UNRELATED GREATER, LESS EQUALS UNRELATED GREATER, LESS EQUALS UNRELATED GREATER, LESS EQUALS UNRELATED GREATER, LESS EQUALS UNRELATED GREATER, LESS EQUALS UNRELATED GREATER, UNRELATED, UNRELATED, UNRELATED GREATER, EQUALS UNRELATED, UNRELATED, UNRELATED, , , , , , , , , , , , , , , 
COMPLETEDEND, LESS EQUALS UNRELATED GREATER, LESS EQUALS UNRELATED GREATER, LESS EQUALS UNRELATED GREATER, LESS EQUALS UNRELATED GREATER, LESS EQUALS UNRELATED GREATER, LESS EQUALS UNRELATED GREATER, LESS EQUALS UNRELATED GREATER, LESS EQUALS UNRELATED GREATER, LESS EQUALS UNRELATED GREATER, LESS EQUALS UNRELATED GREATER, LESS EQUALS UNRELATED GREATER, LESS EQUALS UNRELATED GREATER, UNRELATED GREATER, EQUALS UNRELATED, LESS EQUALS UNRELATED GREATER, LESS EQUALS UNRELATED GREATER, LESS EQUALS UNRELATED GREATER, LESS EQUALS UNRELATED GREATER, LESS EQUALS UNRELATED GREATER, LESS EQUALS UNRELATED GREATER, LESS EQUALS UNRELATED GREATER, LESS EQUALS UNRELATED GREATER, LESS EQUALS UNRELATED GREATER, LESS EQUALS UNRELATED GREATER, LESS EQUALS UNRELATED GREATER, LESS EQUALS UNRELATED GREATER, LESS EQUALS UNRELATED GREATER, LESS EQUALS UNRELATED GREATER, LESS EQUALS UNRELATED GREATER, LESS EQUALS UNRELATED GREATER, LESS EQUALS UNRELATED GREATER, LESS EQUALS UNRELATED GREATER, UNRELATED, UNRELATED, UNRELATED GREATER, UNRELATED GREATER, UNRELATED, UNRELATED, GREATER, , , , , , , , , , , , , , 
FHActivityINITALSTART, LESS EQUALS UNRELATED GREATER, LESS EQUALS UNRELATED GREATER, LESS EQUALS UNRELATED GREATER, LESS EQUALS UNRELATED GREATER, LESS EQUALS UNRELATED GREATER, LESS EQUALS UNRELATED GREATER, LESS EQUALS UNRELATED GREATER, LESS EQUALS UNRELATED GREATER, LESS EQUALS UNRELATED GREATER, LESS EQUALS UNRELATED GREATER, LESS EQUALS UNRELATED GREATER, LESS EQUALS UNRELATED GREATER, LESS EQUALS UNRELATED GREATER, LESS EQUALS UNRELATED GREATER, LESS EQUALS UNRELATED GREATER, LESS EQUALS UNRELATED GREATER, LESS EQUALS UNRELATED GREATER, LESS EQUALS UNRELATED GREATER, LESS EQUALS UNRELATED GREATER, LESS EQUALS UNRELATED GREATER, LESS EQUALS UNRELATED GREATER, LESS EQUALS UNRELATED GREATER, LESS EQUALS UNRELATED GREATER, LESS EQUALS UNRELATED GREATER, LESS EQUALS UNRELATED GREATER, LESS EQUALS UNRELATED GREATER, LESS EQUALS UNRELATED GREATER, LESS EQUALS UNRELATED GREATER, LESS EQUALS UNRELATED GREATER, LESS EQUALS UNRELATED GREATER, LESS EQUALS UNRELATED GREATER, LESS EQUALS UNRELATED GREATER, LESS EQUALS UNRELATED GREATER, LESS EQUALS UNRELATED GREATER, LESS EQUALS UNRELATED GREATER, LESS EQUALS UNRELATED GREATER, LESS EQUALS UNRELATED GREATER, LESS EQUALS UNRELATED GREATER, LESS EQUALS UNRELATED GREATER, LESS EQUALS UNRELATED GREATER, , , , , , , , , , , , , 
FHActivityINITALEND, LESS EQUALS UNRELATED GREATER, LESS EQUALS UNRELATED GREATER, LESS EQUALS UNRELATED GREATER, LESS EQUALS UNRELATED GREATER, LESS EQUALS UNRELATED GREATER, LESS EQUALS UNRELATED GREATER, LESS EQUALS UNRELATED GREATER, LESS EQUALS UNRELATED GREATER, LESS EQUALS UNRELATED GREATER, LESS EQUALS UNRELATED GREATER, LESS EQUALS UNRELATED GREATER, LESS EQUALS UNRELATED GREATER, LESS EQUALS UNRELATED GREATER, LESS EQUALS UNRELATED GREATER, LESS EQUALS UNRELATED GREATER, LESS EQUALS UNRELATED GREATER, LESS EQUALS UNRELATED GREATER, LESS EQUALS UNRELATED GREATER, LESS EQUALS UNRELATED GREATER, LESS EQUALS UNRELATED GREATER, LESS EQUALS UNRELATED GREATER, LESS EQUALS UNRELATED GREATER, LESS EQUALS UNRELATED GREATER, LESS EQUALS UNRELATED GREATER, LESS EQUALS UNRELATED GREATER, LESS EQUALS UNRELATED GREATER, LESS EQUALS UNRELATED GREATER, LESS EQUALS UNRELATED GREATER, LESS EQUALS UNRELATED GREATER, LESS EQUALS UNRELATED GREATER, LESS EQUALS UNRELATED GREATER, LESS EQUALS UNRELATED GREATER, LESS EQUALS UNRELATED GREATER, LESS EQUALS UNRELATED GREATER, LESS EQUALS UNRELATED GREATER, LESS EQUALS UNRELATED GREATER, LESS EQUALS UNRELATED GREATER, LESS EQUALS UNRELATED GREATER, LESS EQUALS UNRELATED GREATER, LESS EQUALS UNRELATED GREATER, GREATER, , , , , , , , , , , , 
FHActivityDEADSTART, LESS EQUALS UNRELATED GREATER, LESS EQUALS UNRELATED GREATER, LESS EQUALS UNRELATED GREATER, LESS EQUALS UNRELATED GREATER, LESS EQUALS UNRELATED GREATER, LESS EQUALS UNRELATED GREATER, LESS EQUALS UNRELATED GREATER, LESS EQUALS UNRELATED GREATER, LESS EQUALS UNRELATED GREATER, LESS EQUALS UNRELATED GREATER, LESS EQUALS UNRELATED GREATER, LESS EQUALS UNRELATED GREATER, LESS EQUALS UNRELATED GREATER, LESS EQUALS UNRELATED GREATER, LESS EQUALS UNRELATED GREATER, LESS EQUALS UNRELATED GREATER, LESS EQUALS UNRELATED GREATER, LESS EQUALS UNRELATED GREATER, LESS EQUALS UNRELATED GREATER, LESS EQUALS UNRELATED GREATER, LESS EQUALS UNRELATED GREATER, LESS EQUALS UNRELATED GREATER, LESS EQUALS UNRELATED GREATER, LESS EQUALS UNRELATED GREATER, LESS EQUALS UNRELATED GREATER, LESS EQUALS UNRELATED GREATER, LESS EQUALS UNRELATED GREATER, LESS EQUALS UNRELATED GREATER, LESS EQUALS UNRELATED GREATER, LESS EQUALS UNRELATED GREATER, LESS EQUALS UNRELATED GREATER, LESS EQUALS UNRELATED GREATER, LESS EQUALS UNRELATED GREATER, LESS EQUALS UNRELATED GREATER, LESS EQUALS UNRELATED GREATER, LESS EQUALS UNRELATED GREATER, LESS EQUALS UNRELATED GREATER, LESS EQUALS UNRELATED GREATER, LESS EQUALS UNRELATED GREATER, LESS EQUALS UNRELATED GREATER, UNRELATED GREATER, EQUALS UNRELATED, , , , , , , , , , , 
FHActivityDEADEND, LESS EQUALS UNRELATED GREATER, LESS EQUALS UNRELATED GREATER, LESS EQUALS UNRELATED GREATER, LESS EQUALS UNRELATED GREATER, LESS EQUALS UNRELATED GREATER, LESS EQUALS UNRELATED GREATER, LESS EQUALS UNRELATED GREATER, LESS EQUALS UNRELATED GREATER, LESS EQUALS UNRELATED GREATER, LESS EQUALS UNRELATED GREATER, LESS EQUALS UNRELATED GREATER, LESS EQUALS UNRELATED GREATER, LESS EQUALS UNRELATED GREATER, LESS EQUALS UNRELATED GREATER, LESS EQUALS UNRELATED GREATER, LESS EQUALS UNRELATED GREATER, LESS EQUALS UNRELATED GREATER, LESS EQUALS UNRELATED GREATER, LESS EQUALS UNRELATED GREATER, LESS EQUALS UNRELATED GREATER, LESS EQUALS UNRELATED GREATER, LESS EQUALS UNRELATED GREATER, LESS EQUALS UNRELATED GREATER, LESS EQUALS UNRELATED GREATER, LESS EQUALS UNRELATED GREATER, LESS EQUALS UNRELATED GREATER, LESS EQUALS UNRELATED GREATER, LESS EQUALS UNRELATED GREATER, LESS EQUALS UNRELATED GREATER, LESS EQUALS UNRELATED GREATER, LESS EQUALS UNRELATED GREATER, LESS EQUALS UNRELATED GREATER, LESS EQUALS UNRELATED GREATER, LESS EQUALS UNRELATED GREATER, LESS EQUALS UNRELATED GREATER, LESS EQUALS UNRELATED GREATER, LESS EQUALS UNRELATED GREATER, LESS EQUALS UNRELATED GREATER, LESS EQUALS UNRELATED GREATER, LESS EQUALS UNRELATED GREATER, UNRELATED GREATER, UNRELATED GREATER, GREATER, , , , , , , , , , 
FHActivityTERMINATEDSTART, LESS EQUALS UNRELATED GREATER, LESS EQUALS UNRELATED GREATER, LESS EQUALS UNRELATED GREATER, LESS EQUALS UNRELATED GREATER, LESS EQUALS UNRELATED GREATER, LESS EQUALS UNRELATED GREATER, LESS EQUALS UNRELATED GREATER, LESS EQUALS UNRELATED GREATER, LESS EQUALS UNRELATED GREATER, LESS EQUALS UNRELATED GREATER, LESS EQUALS UNRELATED GREATER, LESS EQUALS UNRELATED GREATER, LESS EQUALS UNRELATED GREATER, LESS EQUALS UNRELATED GREATER, LESS EQUALS UNRELATED GREATER, LESS EQUALS UNRELATED GREATER, LESS EQUALS UNRELATED GREATER, LESS EQUALS UNRELATED GREATER, LESS EQUALS UNRELATED GREATER, LESS EQUALS UNRELATED GREATER, LESS EQUALS UNRELATED GREATER, LESS EQUALS UNRELATED GREATER, LESS EQUALS UNRELATED GREATER, LESS EQUALS UNRELATED GREATER, LESS EQUALS UNRELATED GREATER, LESS EQUALS UNRELATED GREATER, LESS EQUALS UNRELATED GREATER, LESS EQUALS UNRELATED GREATER, LESS EQUALS UNRELATED GREATER, LESS EQUALS UNRELATED GREATER, LESS EQUALS UNRELATED GREATER, LESS EQUALS UNRELATED GREATER, LESS EQUALS UNRELATED GREATER, LESS EQUALS UNRELATED GREATER, LESS EQUALS UNRELATED GREATER, LESS EQUALS UNRELATED GREATER, LESS EQUALS UNRELATED GREATER, LESS EQUALS UNRELATED GREATER, LESS EQUALS UNRELATED GREATER, LESS EQUALS UNRELATED GREATER, UNRELATED GREATER, EQUALS UNRELATED, LESS EQUALS UNRELATED GREATER, LESS EQUALS UNRELATED GREATER, , , , , , , , , 
FHActivityTERMINATEDEND, LESS EQUALS UNRELATED GREATER, LESS EQUALS UNRELATED GREATER, LESS EQUALS UNRELATED GREATER, LESS EQUALS UNRELATED GREATER, LESS EQUALS UNRELATED GREATER, LESS EQUALS UNRELATED GREATER, LESS EQUALS UNRELATED GREATER, LESS EQUALS UNRELATED GREATER, LESS EQUALS UNRELATED GREATER, LESS EQUALS UNRELATED GREATER, LESS EQUALS UNRELATED GREATER, LESS EQUALS UNRELATED GREATER, LESS EQUALS UNRELATED GREATER, LESS EQUALS UNRELATED GREATER, LESS EQUALS UNRELATED GREATER, LESS EQUALS UNRELATED GREATER, LESS EQUALS UNRELATED GREATER, LESS EQUALS UNRELATED GREATER, LESS EQUALS UNRELATED GREATER, LESS EQUALS UNRELATED GREATER, LESS EQUALS UNRELATED GREATER, LESS EQUALS UNRELATED GREATER, LESS EQUALS UNRELATED GREATER, LESS EQUALS UNRELATED GREATER, LESS EQUALS UNRELATED GREATER, LESS EQUALS UNRELATED GREATER, LESS EQUALS UNRELATED GREATER, LESS EQUALS UNRELATED GREATER, LESS EQUALS UNRELATED GREATER, LESS EQUALS UNRELATED GREATER, LESS EQUALS UNRELATED GREATER, LESS EQUALS UNRELATED GREATER, LESS EQUALS UNRELATED GREATER, LESS EQUALS UNRELATED GREATER, LESS EQUALS UNRELATED GREATER, LESS EQUALS UNRELATED GREATER, LESS EQUALS UNRELATED GREATER, LESS EQUALS UNRELATED GREATER, LESS EQUALS UNRELATED GREATER, LESS EQUALS UNRELATED GREATER, UNRELATED GREATER, UNRELATED GREATER, LESS EQUALS UNRELATED GREATER, LESS EQUALS UNRELATED GREATER, GREATER, , , , , , , , 
FHActivityEXECUTINGSTART, LESS EQUALS UNRELATED GREATER, LESS EQUALS UNRELATED GREATER, LESS EQUALS UNRELATED GREATER, LESS EQUALS UNRELATED GREATER, LESS EQUALS UNRELATED GREATER, LESS EQUALS UNRELATED GREATER, LESS EQUALS UNRELATED GREATER, LESS EQUALS UNRELATED GREATER, LESS EQUALS UNRELATED GREATER, LESS EQUALS UNRELATED GREATER, LESS EQUALS UNRELATED GREATER, LESS EQUALS UNRELATED GREATER, LESS EQUALS UNRELATED GREATER, LESS EQUALS UNRELATED GREATER, LESS EQUALS UNRELATED GREATER, LESS EQUALS UNRELATED GREATER, LESS EQUALS UNRELATED GREATER, LESS EQUALS UNRELATED GREATER, LESS EQUALS UNRELATED GREATER, LESS EQUALS UNRELATED GREATER, LESS EQUALS UNRELATED GREATER, LESS EQUALS UNRELATED GREATER, LESS EQUALS UNRELATED GREATER, LESS EQUALS UNRELATED GREATER, LESS EQUALS UNRELATED GREATER, LESS EQUALS UNRELATED GREATER, LESS EQUALS UNRELATED GREATER, LESS EQUALS UNRELATED GREATER, LESS EQUALS UNRELATED GREATER, LESS EQUALS UNRELATED GREATER, LESS EQUALS UNRELATED GREATER, LESS EQUALS UNRELATED GREATER, LESS EQUALS UNRELATED GREATER, LESS EQUALS UNRELATED GREATER, LESS EQUALS UNRELATED GREATER, LESS EQUALS UNRELATED GREATER, LESS EQUALS UNRELATED GREATER, LESS EQUALS UNRELATED GREATER, LESS EQUALS UNRELATED GREATER, LESS EQUALS UNRELATED GREATER, UNRELATED GREATER, EQUALS UNRELATED, UNRELATED, UNRELATED, UNRELATED, UNRELATED, , , , , , , 
FHActivityEXECUTINGEND, LESS EQUALS UNRELATED GREATER, LESS EQUALS UNRELATED GREATER, LESS EQUALS UNRELATED GREATER, LESS EQUALS UNRELATED GREATER, LESS EQUALS UNRELATED GREATER, LESS EQUALS UNRELATED GREATER, LESS EQUALS UNRELATED GREATER, LESS EQUALS UNRELATED GREATER, LESS EQUALS UNRELATED GREATER, LESS EQUALS UNRELATED GREATER, LESS EQUALS UNRELATED GREATER, LESS EQUALS UNRELATED GREATER, LESS EQUALS UNRELATED GREATER, LESS EQUALS UNRELATED GREATER, LESS EQUALS UNRELATED GREATER, LESS EQUALS UNRELATED GREATER, LESS EQUALS UNRELATED GREATER, LESS EQUALS UNRELATED GREATER, LESS EQUALS UNRELATED GREATER, LESS EQUALS UNRELATED GREATER, LESS EQUALS UNRELATED GREATER, LESS EQUALS UNRELATED GREATER, LESS EQUALS UNRELATED GREATER, LESS EQUALS UNRELATED GREATER, LESS EQUALS UNRELATED GREATER, LESS EQUALS UNRELATED GREATER, LESS EQUALS UNRELATED GREATER, LESS EQUALS UNRELATED GREATER, LESS EQUALS UNRELATED GREATER, LESS EQUALS UNRELATED GREATER, LESS EQUALS UNRELATED GREATER, LESS EQUALS UNRELATED GREATER, LESS EQUALS UNRELATED GREATER, LESS EQUALS UNRELATED GREATER, LESS EQUALS UNRELATED GREATER, LESS EQUALS UNRELATED GREATER, LESS EQUALS UNRELATED GREATER, LESS EQUALS UNRELATED GREATER, LESS EQUALS UNRELATED GREATER, LESS EQUALS UNRELATED GREATER, UNRELATED GREATER, UNRELATED GREATER, UNRELATED, UNRELATED, UNRELATED, UNRELATED, GREATER, , , , , , 
FHActivityFAULTSTART, LESS EQUALS UNRELATED GREATER, LESS EQUALS UNRELATED GREATER, LESS EQUALS UNRELATED GREATER, LESS EQUALS UNRELATED GREATER, LESS EQUALS UNRELATED GREATER, LESS EQUALS UNRELATED GREATER, LESS EQUALS UNRELATED GREATER, LESS EQUALS UNRELATED GREATER, LESS EQUALS UNRELATED GREATER, LESS EQUALS UNRELATED GREATER, LESS EQUALS UNRELATED GREATER, LESS EQUALS UNRELATED GREATER, LESS EQUALS UNRELATED GREATER, LESS EQUALS UNRELATED GREATER, LESS EQUALS UNRELATED GREATER, LESS EQUALS UNRELATED GREATER, LESS EQUALS UNRELATED GREATER, LESS EQUALS UNRELATED GREATER, LESS EQUALS UNRELATED GREATER, LESS EQUALS UNRELATED GREATER, LESS EQUALS UNRELATED GREATER, LESS EQUALS UNRELATED GREATER, LESS EQUALS UNRELATED GREATER, LESS EQUALS UNRELATED GREATER, LESS EQUALS UNRELATED GREATER, LESS EQUALS UNRELATED GREATER, LESS EQUALS UNRELATED GREATER, LESS EQUALS UNRELATED GREATER, LESS EQUALS UNRELATED GREATER, LESS EQUALS UNRELATED GREATER, LESS EQUALS UNRELATED GREATER, LESS EQUALS UNRELATED GREATER, LESS EQUALS UNRELATED GREATER, LESS EQUALS UNRELATED GREATER, LESS EQUALS UNRELATED GREATER, LESS EQUALS UNRELATED GREATER, LESS EQUALS UNRELATED GREATER, LESS EQUALS UNRELATED GREATER, LESS EQUALS UNRELATED GREATER, LESS EQUALS UNRELATED GREATER, LESS EQUALS UNRELATED GREATER, LESS EQUALS UNRELATED GREATER, LESS EQUALS UNRELATED GREATER, LESS EQUALS UNRELATED GREATER, LESS EQUALS UNRELATED GREATER, LESS EQUALS UNRELATED GREATER, UNRELATED GREATER, EQUALS UNRELATED, , , , , 
FHActivityFAULTEND, LESS EQUALS UNRELATED GREATER, LESS EQUALS UNRELATED GREATER, LESS EQUALS UNRELATED GREATER, LESS EQUALS UNRELATED GREATER, LESS EQUALS UNRELATED GREATER, LESS EQUALS UNRELATED GREATER, LESS EQUALS UNRELATED GREATER, LESS EQUALS UNRELATED GREATER, LESS EQUALS UNRELATED GREATER, LESS EQUALS UNRELATED GREATER, LESS EQUALS UNRELATED GREATER, LESS EQUALS UNRELATED GREATER, LESS EQUALS UNRELATED GREATER, LESS EQUALS UNRELATED GREATER, LESS EQUALS UNRELATED GREATER, LESS EQUALS UNRELATED GREATER, LESS EQUALS UNRELATED GREATER, LESS EQUALS UNRELATED GREATER, LESS EQUALS UNRELATED GREATER, LESS EQUALS UNRELATED GREATER, LESS EQUALS UNRELATED GREATER, LESS EQUALS UNRELATED GREATER, LESS EQUALS UNRELATED GREATER, LESS EQUALS UNRELATED GREATER, LESS EQUALS UNRELATED GREATER, LESS EQUALS UNRELATED GREATER, LESS EQUALS UNRELATED GREATER, LESS EQUALS UNRELATED GREATER, LESS EQUALS UNRELATED GREATER, LESS EQUALS UNRELATED GREATER, LESS EQUALS UNRELATED GREATER, LESS EQUALS UNRELATED GREATER, LESS EQUALS UNRELATED GREATER, LESS EQUALS UNRELATED GREATER, LESS EQUALS UNRELATED GREATER, LESS EQUALS UNRELATED GREATER, LESS EQUALS UNRELATED GREATER, LESS EQUALS UNRELATED GREATER, LESS EQUALS UNRELATED GREATER, LESS EQUALS UNRELATED GREATER, LESS EQUALS UNRELATED GREATER, LESS EQUALS UNRELATED GREATER, LESS EQUALS UNRELATED GREATER, LESS EQUALS UNRELATED GREATER, LESS EQUALS UNRELATED GREATER, LESS EQUALS UNRELATED GREATER, UNRELATED GREATER, UNRELATED GREATER, GREATER, , , , 
FHActivityCOMPLETEDSTART, LESS EQUALS UNRELATED GREATER, LESS EQUALS UNRELATED GREATER, LESS EQUALS UNRELATED GREATER, LESS EQUALS UNRELATED GREATER, LESS EQUALS UNRELATED GREATER, LESS EQUALS UNRELATED GREATER, LESS EQUALS UNRELATED GREATER, LESS EQUALS UNRELATED GREATER, LESS EQUALS UNRELATED GREATER, LESS EQUALS UNRELATED GREATER, LESS EQUALS UNRELATED GREATER, LESS EQUALS UNRELATED GREATER, LESS EQUALS UNRELATED GREATER, LESS EQUALS UNRELATED GREATER, LESS EQUALS UNRELATED GREATER, LESS EQUALS UNRELATED GREATER, LESS EQUALS UNRELATED GREATER, LESS EQUALS UNRELATED GREATER, LESS EQUALS UNRELATED GREATER, LESS EQUALS UNRELATED GREATER, LESS EQUALS UNRELATED GREATER, LESS EQUALS UNRELATED GREATER, LESS EQUALS UNRELATED GREATER, LESS EQUALS UNRELATED GREATER, LESS EQUALS UNRELATED GREATER, LESS EQUALS UNRELATED GREATER, LESS EQUALS UNRELATED GREATER, LESS EQUALS UNRELATED GREATER, LESS EQUALS UNRELATED GREATER, LESS EQUALS UNRELATED GREATER, LESS EQUALS UNRELATED GREATER, LESS EQUALS UNRELATED GREATER, LESS EQUALS UNRELATED GREATER, LESS EQUALS UNRELATED GREATER, LESS EQUALS UNRELATED GREATER, LESS EQUALS UNRELATED GREATER, LESS EQUALS UNRELATED GREATER, LESS EQUALS UNRELATED GREATER, LESS EQUALS UNRELATED GREATER, LESS EQUALS UNRELATED GREATER, LESS EQUALS UNRELATED GREATER, LESS EQUALS UNRELATED GREATER, LESS EQUALS UNRELATED GREATER, LESS EQUALS UNRELATED GREATER, UNRELATED, UNRELATED, UNRELATED GREATER, EQUALS UNRELATED, UNRELATED, UNRELATED, , , 
FHActivityCOMPLETEDEND, LESS EQUALS UNRELATED GREATER, LESS EQUALS UNRELATED GREATER, LESS EQUALS UNRELATED GREATER, LESS EQUALS UNRELATED GREATER, LESS EQUALS UNRELATED GREATER, LESS EQUALS UNRELATED GREATER, LESS EQUALS UNRELATED GREATER, LESS EQUALS UNRELATED GREATER, LESS EQUALS UNRELATED GREATER, LESS EQUALS UNRELATED GREATER, LESS EQUALS UNRELATED GREATER, LESS EQUALS UNRELATED GREATER, LESS EQUALS UNRELATED GREATER, LESS EQUALS UNRELATED GREATER, LESS EQUALS UNRELATED GREATER, LESS EQUALS UNRELATED GREATER, LESS EQUALS UNRELATED GREATER, LESS EQUALS UNRELATED GREATER, LESS EQUALS UNRELATED GREATER, LESS EQUALS UNRELATED GREATER, LESS EQUALS UNRELATED GREATER, LESS EQUALS UNRELATED GREATER, LESS EQUALS UNRELATED GREATER, LESS EQUALS UNRELATED GREATER, LESS EQUALS UNRELATED GREATER, LESS EQUALS UNRELATED GREATER, LESS EQUALS UNRELATED GREATER, LESS EQUALS UNRELATED GREATER, LESS EQUALS UNRELATED GREATER, LESS EQUALS UNRELATED GREATER, LESS EQUALS UNRELATED GREATER, LESS EQUALS UNRELATED GREATER, LESS EQUALS UNRELATED GREATER, LESS EQUALS UNRELATED GREATER, LESS EQUALS UNRELATED GREATER, LESS EQUALS UNRELATED GREATER, LESS EQUALS UNRELATED GREATER, LESS EQUALS UNRELATED GREATER, LESS EQUALS UNRELATED GREATER, LESS EQUALS UNRELATED GREATER, LESS EQUALS UNRELATED GREATER, LESS EQUALS UNRELATED GREATER, LESS EQUALS UNRELATED GREATER, LESS EQUALS UNRELATED GREATER, UNRELATED, UNRELATED, UNRELATED GREATER, UNRELATED GREATER, UNRELATED, UNRELATED, GREATER, , 
